-- 6 tablas
-- -Usuarios(clientes y Admin)
--     id int(11)
--     nombre varchar(30)
--     email varchar(30)
--     password varchar(60)
--     token varchar(15)
--     confirmado tinyint(1)

-- -ponentes
--     id int(11)
--     nombre varchar(40)
--     apellido varchar(40)
--     ciudad varchar(20)
--     pais varchar(20)
--     imagen varchar(32)
--     tags varchar(120)
--     redes text


-- -categorias
--     id int(11)
--     nombre varchar(45)


-- -dias
--     id int(11)
--     nombre varchar(45)


-- -horas
--     id int(11)
--     hora varchar(13)



-- -evventos
--     id int(11)
--     nombre varchar(120)
--     descripcion text,
--     disponibles int(11)
--     categoria_id int(11)
--     dia_id int(11)
--     hora_id int(11)
--     ponente_id int(11)


-----------------------------------------------
CREATE TABLE `usuarios` (
  `id` int NOT NULL AUTO_INCREMENT,
  `nombre` varchar(40) DEFAULT NULL,
  `apellido` varchar(40) DEFAULT NULL,
  `email` varchar(40) DEFAULT NULL,
  `password` varchar(60) DEFAULT NULL,
  `confirmado` tinyint(1) DEFAULT NULL,
  `token` varchar(13) CHARACTER SET utf8 COLLATE utf8_general_ci DEFAULT NULL,
  `admin` tinyint(1) DEFAULT NULL,
  PRIMARY KEY (`id`)
) ENGINE=InnoDB AUTO_INCREMENT=10 DEFAULT CHARSET=utf8 COLLATE=utf8_general_ci;


CREATE TABLE `ponentes` (
  `id` int NOT NULL AUTO_INCREMENT,
  `nombre` varchar(40) DEFAULT NULL,
  `apellido` varchar(40) DEFAULT NULL,
  `ciudad` varchar(20) CHARACTER SET utf8 COLLATE utf8_general_ci DEFAULT NULL,
  `pais` varchar(20) DEFAULT NULL,
  `imagen` varchar(32) CHARACTER SET utf8 COLLATE utf8_general_ci DEFAULT NULL,
  `tags` varchar(120) CHARACTER SET utf8 COLLATE utf8_general_ci DEFAULT NULL,
  `redes` text,
  PRIMARY KEY (`id`)
) ENGINE=InnoDB AUTO_INCREMENT=19 DEFAULT CHARSET=utf8 COLLATE=utf8_general_ci;

CREATE TABLE `categorias` (
  `id` int NOT NULL AUTO_INCREMENT,
  `nombre` varchar(45) DEFAULT NULL,
  PRIMARY KEY (`id`)
) ENGINE=InnoDB AUTO_INCREMENT=3 DEFAULT CHARSET=utf8 COLLATE=utf8_general_ci;

INSERT INTO `categorias` (`id`, `hora`) VALUES
(1, 'WorkShops'),
(2, 'Conferencias'),


CREATE TABLE `dias` (
  `id` int NOT NULL AUTO_INCREMENT,
  `nombre` varchar(15) DEFAULT NULL,
  PRIMARY KEY (`id`)
) ENGINE=InnoDB AUTO_INCREMENT=3 DEFAULT CHARSET=utf8 COLLATE=utf8_general_ci;

INSERT INTO `dias` (`id`, `hora`) VALUES
(1, 'Viernes'),
(2, 'Sabado'),


CREATE TABLE `horas` (
  `id` int NOT NULL AUTO_INCREMENT,
  `hora` varchar(13) CHARACTER SET utf8 COLLATE utf8_general_ci DEFAULT NULL,
  PRIMARY KEY (`id`)
) ENGINE=InnoDB AUTO_INCREMENT=9 DEFAULT CHARSET=utf8 COLLATE=utf8_general_ci;

INSERT INTO `horas` (`id`, `hora`) VALUES
(1, '10:00 - 10:55'),
(2, '11:00 - 11:55'),
(3, '12:00 - 12:55'),
(4, '13:00 - 13:55'),
(5, '16:00 - 16:55'),
(6, '17:00 - 17:55'),
(7, '18:00 - 18:55'),
(8, '19:00 - 19:55');


CREATE TABLE `eventos` (
  `id` int NOT NULL AUTO_INCREMENT,
  `nombre` varchar(120) CHARACTER SET utf8 COLLATE utf8_general_ci DEFAULT NULL,
  `descripcion` text,
  `disponibles` int DEFAULT NULL,
  `categoria_id` int NOT NULL,
  `dia_id` int NOT NULL,
  `hora_id` int NOT NULL,
  `ponente_id` int NOT NULL,
  PRIMARY KEY (`id`),
  KEY `fk_eventos_categorias_idx` (`categoria_id`),
  KEY `fk_eventos_dias1_idx` (`dia_id`),
  KEY `fk_eventos_horas1_idx` (`hora_id`),
  KEY `fk_eventos_ponentes1_idx` (`ponente_id`),
  CONSTRAINT `fk_eventos_categorias` FOREIGN KEY (`categoria_id`) REFERENCES `categorias` (`id`),
  CONSTRAINT `fk_eventos_dias1` FOREIGN KEY (`dia_id`) REFERENCES `dias` (`id`),
  CONSTRAINT `fk_eventos_horas1` FOREIGN KEY (`hora_id`) REFERENCES `horas` (`id`),
  CONSTRAINT `fk_eventos_ponentes1` FOREIGN KEY (`ponente_id`) REFERENCES `ponentes` (`id`)
) ENGINE=InnoDB AUTO_INCREMENT=36 DEFAULT CHARSET=utf8 COLLATE=utf8_general_ci;

INSERT INTO `eventos`(`id`, `nombre`, `descripcion`, `disponibles`, `categoria_id`, `dia_id`, `hora_id`, `ponente_id`) VALUES ('2','Next.js','Descripcion del evento 2','40','1','2','5','1'), ('3','Next.js','Descripcion del evento 3','40','2','1','4','1')




INSERT INTO `eventos` (`id`, `nombre`, `descripcion`, `disponibles`, `categoria_id`, `dia_id`, `hora_id`, `ponente_id`) VALUES
(1, 'Next.js - Aplicaciones con gran performance', 'Orci varius natoque penatibus et magnis dis parturient montes, nascetur ridiculus mus. Donec sodales condimentum magna fringilla egestas. In non pellentesque magna, at mollis velit. Morbi nec dapibus diam. Phasellus ante neque, blandit eget tortor a, cursus molestie turpis. Aenean placerat aliquet nibh, et interdum ipsum finibus at. Nulla sit amet faucibus leo, vel blandit urna. Curabitur dictum euismod sem, eget euismod magna pulvinar et. Nam semper aliquet nunc eu ornare. ', 50, 2, 2, 1, 1),
(2, 'MongoDB - Base de Datos a gran escala', 'Orci varius natoque penatibus et magnis dis parturient montes, nascetur ridiculus mus. Donec sodales condimentum magna fringilla egestas. In non pellentesque magna, at mollis velit. Morbi nec dapibus diam. Phasellus ante neque, blandit eget tortor a, cursus molestie turpis. Aenean placerat aliquet nibh, et interdum ipsum finibus at. Nulla sit amet faucibus leo, vel blandit urna. Curabitur dictum euismod sem, eget euismod magna pulvinar et. Nam semper aliquet nunc eu ornare. ', 50, 2, 2, 2, 2),
(3, 'Tailwind y Figma', 'Orci varius natoque penatibus et magnis dis parturient montes, nascetur ridiculus mus. Donec sodales condimentum magna fringilla egestas. In non pellentesque magna, at mollis velit. Morbi nec dapibus diam. Phasellus ante neque, blandit eget tortor a, cursus molestie turpis. Aenean placerat aliquet nibh, et interdum ipsum finibus at. Nulla sit amet faucibus leo, vel blandit urna. Curabitur dictum euismod sem, eget euismod magna pulvinar et. Nam semper aliquet nunc eu ornare. ', 50, 1, 1, 2, 3),
(4, 'MERN - MongoDB Express React y Node.js - Ejemplo Real', 'Orci varius natoque penatibus et magnis dis parturient montes, nascetur ridiculus mus. Donec sodales condimentum magna fringilla egestas. In non pellentesque magna, at mollis velit. Morbi nec dapibus diam. Phasellus ante neque, blandit eget tortor a, cursus molestie turpis. Aenean placerat aliquet nibh, et interdum ipsum finibus at. Nulla sit amet faucibus leo, vel blandit urna. Curabitur dictum euismod sem, eget euismod magna pulvinar et. Nam semper aliquet nunc eu ornare. ', 30, 1, 2, 4, 8),
(5, 'Vue.js con Django para gran Performance', 'Nunc laoreet sit amet turpis eu vulputate. Etiam quis dignissim elit, ac commodo ligula. Donec eu mollis odio, vitae sodales est. Fusce ut turpis eros. Vestibulum mauris ligula, suscipit eget lacus non, vulputate laoreet enim. Etiam ac elementum lacus, eu dapibus dolor. Proin ac justo in erat elementum venenatis sit amet et arcu. Cras eu ultrices lorem, et mollis libero. Nam ex velit, sollicitudin ac lectus ut, lobortis blandit nibh. Donec vulputate eros quis arcu varius bibendum. Vestibulum mattis consectetur orci eget feugiat. Donec massa ligula, pulvinar vitae sem nec, suscipit tempus tortor. Nulla congue venenatis metus. Ut quis diam est. Sed non sagittis justo, ut rhoncus neque. Quisque ut mi et nunc sollicitudin luctus quis a ante. ', 50, 2, 1, 1, 4),
(6, 'DevOps - Primeros Pasos', 'Nunc laoreet sit amet turpis eu vulputate. Etiam quis dignissim elit, ac commodo ligula. Donec eu mollis odio, vitae sodales est. Fusce ut turpis eros. Vestibulum mauris ligula, suscipit eget lacus non, vulputate laoreet enim. Etiam ac elementum lacus, eu dapibus dolor. Proin ac justo in erat elementum venenatis sit amet et arcu. Cras eu ultrices lorem, et mollis libero. Nam ex velit, sollicitudin ac lectus ut, lobortis blandit nibh. Donec vulputate eros quis arcu varius bibendum. Vestibulum mattis consectetur orci eget feugiat. Donec massa ligula, pulvinar vitae sem nec, suscipit tempus tortor. Nulla congue venenatis metus. Ut quis diam est. Sed non sagittis justo, ut rhoncus neque. Quisque ut mi et nunc sollicitudin luctus quis a ante. ', 30, 1, 1, 1, 5),
(7, 'WordPress y React - Gran Performance a costo 0', 'Nunc laoreet sit amet turpis eu vulputate. Etiam quis dignissim elit, ac commodo ligula. Donec eu mollis odio, vitae sodales est. Fusce ut turpis eros. Vestibulum mauris ligula, suscipit eget lacus non, vulputate laoreet enim. Etiam ac elementum lacus, eu dapibus dolor. Proin ac justo in erat elementum venenatis sit amet et arcu. Cras eu ultrices lorem, et mollis libero. Nam ex velit, sollicitudin ac lectus ut, lobortis blandit nibh. Donec vulputate eros quis arcu varius bibendum. Vestibulum mattis consectetur orci eget feugiat. Donec massa ligula, pulvinar vitae sem nec, suscipit tempus tortor. Nulla congue venenatis metus. Ut quis diam est. Sed non sagittis justo, ut rhoncus neque. Quisque ut mi et nunc sollicitudin luctus quis a ante. ', 40, 2, 1, 2, 6),
(8, 'React, Angular y Svelte - Creando un Proyecto', 'Nunc laoreet sit amet turpis eu vulputate. Etiam quis dignissim elit, ac commodo ligula. Donec eu mollis odio, vitae sodales est. Fusce ut turpis eros. Vestibulum mauris ligula, suscipit eget lacus non, vulputate laoreet enim. Etiam ac elementum lacus, eu dapibus dolor. Proin ac justo in erat elementum venenatis sit amet et arcu. Cras eu ultrices lorem, et mollis libero. Nam ex velit, sollicitudin ac lectus ut, lobortis blandit nibh. Donec vulputate eros quis arcu varius bibendum. Vestibulum mattis consectetur orci eget feugiat. Donec massa ligula, pulvinar vitae sem nec, suscipit tempus tortor. Nulla congue venenatis metus. Ut quis diam est. Sed non sagittis justo, ut rhoncus neque. Quisque ut mi et nunc sollicitudin luctus quis a ante. ', 30, 1, 1, 3, 7),
(9, 'Laravel y Next.js - Aplicaciones Full Stack en Tiempo Record', 'Nunc laoreet sit amet turpis eu vulputate. Etiam quis dignissim elit, ac commodo ligula. Donec eu mollis odio, vitae sodales est. Fusce ut turpis eros. Vestibulum mauris ligula, suscipit eget lacus non, vulputate laoreet enim. Etiam ac elementum lacus, eu dapibus dolor. Proin ac justo in erat elementum venenatis sit amet et arcu. Cras eu ultrices lorem, et mollis libero. Nam ex velit, sollicitudin ac lectus ut, lobortis blandit nibh. Donec vulputate eros quis arcu varius bibendum. Vestibulum mattis consectetur orci eget feugiat. Donec massa ligula, pulvinar vitae sem nec, suscipit tempus tortor. Nulla congue venenatis metus. Ut quis diam est. Sed non sagittis justo, ut rhoncus neque. Quisque ut mi et nunc sollicitudin luctus quis a ante. ', 40, 1, 2, 1, 8),
(10, 'Remix - El Nuevo Framework de React', 'Nunc laoreet sit amet turpis eu vulputate. Etiam quis dignissim elit, ac commodo ligula. Donec eu mollis odio, vitae sodales est. Fusce ut turpis eros. Vestibulum mauris ligula, suscipit eget lacus non, vulputate laoreet enim. Etiam ac elementum lacus, eu dapibus dolor. Proin ac justo in erat elementum venenatis sit amet et arcu. Cras eu ultrices lorem, et mollis libero. Nam ex velit, sollicitudin ac lectus ut, lobortis blandit nibh. Donec vulputate eros quis arcu varius bibendum. Vestibulum mattis consectetur orci eget feugiat. Donec massa ligula, pulvinar vitae sem nec, suscipit tempus tortor. Nulla congue venenatis metus. Ut quis diam est. Sed non sagittis justo, ut rhoncus neque. Quisque ut mi et nunc sollicitudin luctus quis a ante. ', 30, 2, 1, 3, 9),
(11, 'TailwindCSS - Crear Sitios Accesibles', 'Nunc laoreet sit amet turpis eu vulputate. Etiam quis dignissim elit, ac commodo ligula. Donec eu mollis odio, vitae sodales est. Fusce ut turpis eros. Vestibulum mauris ligula, suscipit eget lacus non, vulputate laoreet enim. Etiam ac elementum lacus, eu dapibus dolor. Proin ac justo in erat elementum venenatis sit amet et arcu. Cras eu ultrices lorem, et mollis libero. Nam ex velit, sollicitudin ac lectus ut, lobortis blandit nibh. Donec vulputate eros quis arcu varius bibendum. Vestibulum mattis consectetur orci eget feugiat. Donec massa ligula, pulvinar vitae sem nec, suscipit tempus tortor. Nulla congue venenatis metus. Ut quis diam est. Sed non sagittis justo, ut rhoncus neque. Quisque ut mi et nunc sollicitudin luctus quis a ante. ', 30, 1, 1, 4, 10),
(12, 'TypeScript en React', 'Nunc laoreet sit amet turpis eu vulputate. Etiam quis dignissim elit, ac commodo ligula. Donec eu mollis odio, vitae sodales est. Fusce ut turpis eros. Vestibulum mauris ligula, suscipit eget lacus non, vulputate laoreet enim. Etiam ac elementum lacus, eu dapibus dolor. Proin ac justo in erat elementum venenatis sit amet et arcu. Cras eu ultrices lorem, et mollis libero. Nam ex velit, sollicitudin ac lectus ut, lobortis blandit nibh. Donec vulputate eros quis arcu varius bibendum. Vestibulum mattis consectetur orci eget feugiat. Donec massa ligula, pulvinar vitae sem nec, suscipit tempus tortor. Nulla congue venenatis metus. Ut quis diam est. Sed non sagittis justo, ut rhoncus neque. Quisque ut mi et nunc sollicitudin luctus quis a ante. ', 30, 2, 2, 3, 11),
(13, 'Presente y Futuro del Frontend', 'Nunc laoreet sit amet turpis eu vulputate. Etiam quis dignissim elit, ac commodo ligula. Donec eu mollis odio, vitae sodales est. Fusce ut turpis eros. Vestibulum mauris ligula, suscipit eget lacus non, vulputate laoreet enim. Etiam ac elementum lacus, eu dapibus dolor. Proin ac justo in erat elementum venenatis sit amet et arcu. Cras eu ultrices lorem, et mollis libero. Nam ex velit, sollicitudin ac lectus ut, lobortis blandit nibh. Donec vulputate eros quis arcu varius bibendum. Vestibulum mattis consectetur orci eget feugiat. Donec massa ligula, pulvinar vitae sem nec, suscipit tempus tortor. Nulla congue venenatis metus. Ut quis diam est. Sed non sagittis justo, ut rhoncus neque. Quisque ut mi et nunc sollicitudin luctus quis a ante. ', 30, 2, 2, 8, 12),
(14, 'Extiende la API de WordPress con PHP', 'Nunc laoreet sit amet turpis eu vulputate. Etiam quis dignissim elit, ac commodo ligula. Donec eu mollis odio, vitae sodales est. Fusce ut turpis eros. Vestibulum mauris ligula, suscipit eget lacus non, vulputate laoreet enim. Etiam ac elementum lacus, eu dapibus dolor. Proin ac justo in erat elementum venenatis sit amet et arcu. Cras eu ultrices lorem, et mollis libero. Nam ex velit, sollicitudin ac lectus ut, lobortis blandit nibh. Donec vulputate eros quis arcu varius bibendum. Vestibulum mattis consectetur orci eget feugiat. Donec massa ligula, pulvinar vitae sem nec, suscipit tempus tortor. Nulla congue venenatis metus. Ut quis diam est. Sed non sagittis justo, ut rhoncus neque. Quisque ut mi et nunc sollicitudin luctus quis a ante. ', 20, 1, 1, 8, 13),
(15, 'Node y Vue.js - Proyecto Práctico', 'Nunc laoreet sit amet turpis eu vulputate. Etiam quis dignissim elit, ac commodo ligula. Donec eu mollis odio, vitae sodales est. Fusce ut turpis eros. Vestibulum mauris ligula, suscipit eget lacus non, vulputate laoreet enim. Etiam ac elementum lacus, eu dapibus dolor. Proin ac justo in erat elementum venenatis sit amet et arcu. Cras eu ultrices lorem, et mollis libero. Nam ex velit, sollicitudin ac lectus ut, lobortis blandit nibh. Donec vulputate eros quis arcu varius bibendum. Vestibulum mattis consectetur orci eget feugiat. Donec massa ligula, pulvinar vitae sem nec, suscipit tempus tortor. Nulla congue venenatis metus. Ut quis diam est. Sed non sagittis justo, ut rhoncus neque. Quisque ut mi et nunc sollicitudin luctus quis a ante. ', 30, 1, 2, 2, 14),
(16, 'GraphQL y Flutter - Gran Performance para Android y iOS', 'Orci varius natoque penatibus et magnis dis parturient montes, nascetur ridiculus mus. Donec sodales condimentum magna fringilla egestas. In non pellentesque magna, at mollis velit. Morbi nec dapibus diam. Phasellus ante neque, blandit eget tortor a, cursus molestie turpis. Aenean placerat aliquet nibh, et interdum ipsum finibus at. Nulla sit amet faucibus leo, vel blandit urna. Curabitur dictum euismod sem, eget euismod magna pulvinar et. Nam semper aliquet nunc eu ornare. ', 30, 1, 1, 5, 15),
(17, 'REST API\'s - Backend para Web y Móvil', 'Orci varius natoque penatibus et magnis dis parturient montes, nascetur ridiculus mus. Donec sodales condimentum magna fringilla egestas. In non pellentesque magna, at mollis velit. Morbi nec dapibus diam. Phasellus ante neque, blandit eget tortor a, cursus molestie turpis. Aenean placerat aliquet nibh, et interdum ipsum finibus at. Nulla sit amet faucibus leo, vel blandit urna. Curabitur dictum euismod sem, eget euismod magna pulvinar et. Nam semper aliquet nunc eu ornare. ', 20, 2, 1, 4, 16),
(18, 'JavaScript - Apps para Web, Desktop y Escritorio', 'Orci varius natoque penatibus et magnis dis parturient montes, nascetur ridiculus mus. Donec sodales condimentum magna fringilla egestas. In non pellentesque magna, at mollis velit. Morbi nec dapibus diam. Phasellus ante neque, blandit eget tortor a, cursus molestie turpis. Aenean placerat aliquet nibh, et interdum ipsum finibus at. Nulla sit amet faucibus leo, vel blandit urna. Curabitur dictum euismod sem, eget euismod magna pulvinar et. Nam semper aliquet nunc eu ornare. ', 50, 2, 1, 8, 17),
(19, 'Flutter y React Native - ¿Cómo elegir?', 'Orci varius natoque penatibus et magnis dis parturient montes, nascetur ridiculus mus. Donec sodales condimentum magna fringilla egestas. In non pellentesque magna, at mollis velit. Morbi nec dapibus diam. Phasellus ante neque, blandit eget tortor a, cursus molestie turpis. Aenean placerat aliquet nibh, et interdum ipsum finibus at. Nulla sit amet faucibus leo, vel blandit urna. Curabitur dictum euismod sem, eget euismod magna pulvinar et. Nam semper aliquet nunc eu ornare. ', 40, 2, 1, 6, 18),
(20, 'Laravel y Flutter - Creando Un Proyecto Real', 'Orci varius natoque penatibus et magnis dis parturient montes, nascetur ridiculus mus. Donec sodales condimentum magna fringilla egestas. In non pellentesque magna, at mollis velit. Morbi nec dapibus diam. Phasellus ante neque, blandit eget tortor a, cursus molestie turpis. Aenean placerat aliquet nibh, et interdum ipsum finibus at. Nulla sit amet faucibus leo, vel blandit urna. Curabitur dictum euismod sem, eget euismod magna pulvinar et. Nam semper aliquet nunc eu ornare. ', 30, 1, 2, 5, 18),
(21, 'Laravel y React Native - Creando un Proyecto Real', 'Orci varius natoque penatibus et magnis dis parturient montes, nascetur ridiculus mus. Donec sodales condimentum magna fringilla egestas. In non pellentesque magna, at mollis velit. Morbi nec dapibus diam. Phasellus ante neque, blandit eget tortor a, cursus molestie turpis. Aenean placerat aliquet nibh, et interdum ipsum finibus at. Nulla sit amet faucibus leo, vel blandit urna. Curabitur dictum euismod sem, eget euismod magna pulvinar et. Nam semper aliquet nunc eu ornare. ', 50, 1, 2, 7, 18),
(22, 'PHP 8 - ¿Qué es Nuevo y que cambió?', 'Orci varius natoque penatibus et magnis dis parturient montes, nascetur ridiculus mus. Donec sodales condimentum magna fringilla egestas. In non pellentesque magna, at mollis velit. Morbi nec dapibus diam. Phasellus ante neque, blandit eget tortor a, cursus molestie turpis. Aenean placerat aliquet nibh, et interdum ipsum finibus at. Nulla sit amet faucibus leo, vel blandit urna. Curabitur dictum euismod sem, eget euismod magna pulvinar et. Nam semper aliquet nunc eu ornare. ', 50, 2, 1, 7, 1),
(23, 'MEVN Stack - Mongo Express  Vue.js y Node.js', 'Orci varius natoque penatibus et magnis dis parturient montes, nascetur ridiculus mus. Donec sodales condimentum magna fringilla egestas. In non pellentesque magna, at mollis velit. Morbi nec dapibus diam. Phasellus ante neque, blandit eget tortor a, cursus molestie turpis. Aenean placerat aliquet nibh, et interdum ipsum finibus at. Nulla sit amet faucibus leo, vel blandit urna. Curabitur dictum euismod sem, eget euismod magna pulvinar et. Nam semper aliquet nunc eu ornare. ', 50, 2, 1, 5, 2),
(24, 'Introducción a TailwindCSS', 'Orci varius natoque penatibus et magnis dis parturient montes, nascetur ridiculus mus. Donec sodales condimentum magna fringilla egestas. In non pellentesque magna, at mollis velit. Morbi nec dapibus diam. Phasellus ante neque, blandit eget tortor a, cursus molestie turpis. Aenean placerat aliquet nibh, et interdum ipsum finibus at. Nulla sit amet faucibus leo, vel blandit urna. Curabitur dictum euismod sem, eget euismod magna pulvinar et. Nam semper aliquet nunc eu ornare. ', 30, 2, 2, 4, 3),
(25, 'WPGraphQL y GatsbyJS - Headless WordPress', 'Orci varius natoque penatibus et magnis dis parturient montes, nascetur ridiculus mus. Donec sodales condimentum magna fringilla egestas. In non pellentesque magna, at mollis velit. Morbi nec dapibus diam. Phasellus ante neque, blandit eget tortor a, cursus molestie turpis. Aenean placerat aliquet nibh, et interdum ipsum finibus at. Nulla sit amet faucibus leo, vel blandit urna. Curabitur dictum euismod sem, eget euismod magna pulvinar et. Nam semper aliquet nunc eu ornare. ', 40, 2, 2, 5, 6),
(26, 'Svelte - El Nuevo Framework de JS ', 'Orci varius natoque penatibus et magnis dis parturient montes, nascetur ridiculus mus. Donec sodales condimentum magna fringilla egestas. In non pellentesque magna, at mollis velit. Morbi nec dapibus diam. Phasellus ante neque, blandit eget tortor a, cursus molestie turpis. Aenean placerat aliquet nibh, et interdum ipsum finibus at. Nulla sit amet faucibus leo, vel blandit urna. Curabitur dictum euismod sem, eget euismod magna pulvinar et. Nam semper aliquet nunc eu ornare. ', 40, 2, 2, 6, 7),
(27, 'Next.js - El Mejor Framework para React', 'Orci varius natoque penatibus et magnis dis parturient montes, nascetur ridiculus mus. Donec sodales condimentum magna fringilla egestas. In non pellentesque magna, at mollis velit. Morbi nec dapibus diam. Phasellus ante neque, blandit eget tortor a, cursus molestie turpis. Aenean placerat aliquet nibh, et interdum ipsum finibus at. Nulla sit amet faucibus leo, vel blandit urna. Curabitur dictum euismod sem, eget euismod magna pulvinar et. Nam semper aliquet nunc eu ornare. ', 40, 2, 2, 7, 8),
(28, 'React 18 - Una Introducción Práctica', 'Orci varius natoque penatibus et magnis dis parturient montes, nascetur ridiculus mus. Donec sodales condimentum magna fringilla egestas. In non pellentesque magna, at mollis velit. Morbi nec dapibus diam. Phasellus ante neque, blandit eget tortor a, cursus molestie turpis. Aenean placerat aliquet nibh, et interdum ipsum finibus at. Nulla sit amet faucibus leo, vel blandit urna. Curabitur dictum euismod sem, eget euismod magna pulvinar et. Nam semper aliquet nunc eu ornare. ', 30, 1, 1, 6, 9),
(29, 'Vue.js - Composition API', 'Orci varius natoque penatibus et magnis dis parturient montes, nascetur ridiculus mus. Donec sodales condimentum magna fringilla egestas. In non pellentesque magna, at mollis velit. Morbi nec dapibus diam. Phasellus ante neque, blandit eget tortor a, cursus molestie turpis. Aenean placerat aliquet nibh, et interdum ipsum finibus at. Nulla sit amet faucibus leo, vel blandit urna. Curabitur dictum euismod sem, eget euismod magna pulvinar et. Nam semper aliquet nunc eu ornare. ', 20, 1, 1, 7, 14),
(30, 'Vue.js - Pinia para reemplazar Vuex', 'Orci varius natoque penatibus et magnis dis parturient montes, nascetur ridiculus mus. Donec sodales condimentum magna fringilla egestas. In non pellentesque magna, at mollis velit. Morbi nec dapibus diam. Phasellus ante neque, blandit eget tortor a, cursus molestie turpis. Aenean placerat aliquet nibh, et interdum ipsum finibus at. Nulla sit amet faucibus leo, vel blandit urna. Curabitur dictum euismod sem, eget euismod magna pulvinar et. Nam semper aliquet nunc eu ornare. ', 25, 1, 2, 3, 14),
(31, 'GraphQL - Introducción Práctica', 'Orci varius natoque penatibus et magnis dis parturient montes, nascetur ridiculus mus. Donec sodales condimentum magna fringilla egestas. In non pellentesque magna, at mollis velit. Morbi nec dapibus diam. Phasellus ante neque, blandit eget tortor a, cursus molestie turpis. Aenean placerat aliquet nibh, et interdum ipsum finibus at. Nulla sit amet faucibus leo, vel blandit urna. Curabitur dictum euismod sem, eget euismod magna pulvinar et. Nam semper aliquet nunc eu ornare. ', 30, 1, 2, 8, 15),
(32, 'React y TailwindCSS - Frontend Moderno', 'Orci varius natoque penatibus et magnis dis parturient montes, nascetur ridiculus mus. Donec sodales condimentum magna fringilla egestas. In non pellentesque magna, at mollis velit. Morbi nec dapibus diam. Phasellus ante neque, blandit eget tortor a, cursus molestie turpis. Aenean placerat aliquet nibh, et interdum ipsum finibus at. Nulla sit amet faucibus leo, vel blandit urna. Curabitur dictum euismod sem, eget euismod magna pulvinar et. Nam semper aliquet nunc eu ornare. ', 30, 1, 2, 6, 17);